method,phase,round,epoch,client_id,train_loss,val_loss,val_rmse,val_mae,is_best_round,best_round,personal_ft_best_epoch
fedavg,post_agg_val,1,1,,-1.17079395527056,-1.8748414157054456,4.365321754117214,4.024854742310826,True,1,
fedavg,post_agg_val,1,1,01,,-1.8983694983937067,4.048874298731486,3.6834096908569336,True,1,
fedavg,post_agg_val,1,1,02,,-1.8946630644197224,4.2403244972229,3.779839197794596,True,1,
fedavg,post_agg_val,1,1,03,,-1.8933099614249336,4.148661533991496,3.8912182648976645,True,1,
fedavg,post_agg_val,1,1,04,,-1.8408484719380611,5.279452800750732,4.623982111612956,True,1,
fedavg,post_agg_val,1,1,05,,-1.9006081959193721,4.325052579243978,4.010249137878418,True,1,
fedavg,post_agg_val,1,1,06,,-1.8830713427539438,3.8589139779408774,3.6091132958730063,True,1,
fedavg,post_agg_val,1,1,07,,-1.8864160136973604,4.303288380304973,4.12328044573466,True,1,
fedavg,post_agg_val,1,1,08,,-1.857838455306159,4.4373384316762285,4.061575969060262,True,1,
fedavg,post_agg_val,1,1,09,,-1.8128897231558094,3.951456864674886,3.6191980044047036,True,1,
fedavg,post_agg_val,1,1,10,,-1.8910453157808313,4.655976970990499,4.4944930871327715,True,1,
fedavg,post_agg_val,1,1,11,,-1.8644604480012934,4.170690655708313,3.908494154612223,True,1,
fedavg,post_agg_val,1,1,12,,-1.8881968761745251,4.088178078333537,3.8320511976877847,True,1,
fedavg,post_agg_val,1,1,13,,-1.867666278873478,5.17379355430603,4.608081181844075,True,1,
fedavg,post_agg_val,1,1,14,,-1.8891301387179213,4.3428865273793535,3.972145398457845,True,1,
fedavg,post_agg_val,1,1,15,,-1.8753405809402466,4.596824645996094,4.444170912106832,True,1,
fedavg,post_agg_val,1,1,16,,-1.8976204880213334,4.280368248621623,3.9697128931681314,True,1,
fedavg,post_agg_val,1,1,17,,-1.888799804420287,4.4348518053690595,4.13044540087382,True,1,
fedavg,post_agg_val,1,1,18,,-1.8802145808564181,3.8196628093719482,3.580781857172648,True,1,
fedavg,post_agg_val,1,1,19,,-1.8692349480316701,4.177549839019775,3.8189698855082193,True,1,
fedavg,post_agg_val,1,1,20,,-1.8178472940900685,5.110655864079793,4.536263306935628,True,1,
fedavg,post_agg_val,2,2,,-2.2235357979380344,-2.5457480647769075,3.2232238576887355,2.952138821912411,True,2,
fedavg,post_agg_val,2,2,01,,-2.580902741428166,3.049638311068217,2.8346906900405884,True,2,
fedavg,post_agg_val,2,2,02,,-2.597530286853053,3.0308451652526855,2.7427695194880166,True,2,
fedavg,post_agg_val,2,2,03,,-2.630515463087294,2.5322405894597373,2.3119805256525674,True,2,
fedavg,post_agg_val,2,2,04,,-2.579242638179234,3.2234405676523843,2.643058697382609,True,2,
fedavg,post_agg_val,2,2,05,,-2.674832380965165,2.400661071141561,2.0906376441319785,True,2,
fedavg,post_agg_val,2,2,06,,-2.525217132946468,3.2862764596939087,3.1034584045410156,True,2,
fedavg,post_agg_val,2,2,07,,-2.671904629849373,2.123693366845449,1.964638888835907,True,2,
fedavg,post_agg_val,2,2,08,,-2.3272686862945555,4.735621452331543,4.455453713734944,True,2,
fedavg,post_agg_val,2,2,09,,-2.113456927175107,5.897710243860881,5.719755967458089,True,2,
fedavg,post_agg_val,2,2,10,,-2.7214062681150195,2.372605045636495,2.2504907051722207,True,2,
fedavg,post_agg_val,2,2,11,,-2.3777998751782357,4.315708875656128,4.156575997670491,True,2,
fedavg,post_agg_val,2,2,12,,-2.628727498807405,2.479521870613098,2.2668552796045938,True,2,
fedavg,post_agg_val,2,2,13,,-2.6669125256237685,2.7873375018437705,2.3616570631663003,True,2,
fedavg,post_agg_val,2,2,14,,-2.628189916104342,2.7384764353434243,2.4563451608022056,True,2,
fedavg,post_agg_val,2,2,15,,-2.6880942905805387,2.332159717877706,2.21804416179657,True,2,
fedavg,post_agg_val,2,2,16,,-2.65867938025523,2.356940507888794,2.148450414339701,True,2,
fedavg,post_agg_val,2,2,17,,-2.6880266194182316,2.20637712876002,2.0218301018079123,True,2,
fedavg,post_agg_val,2,2,18,,-2.578594323510451,2.7522600491841636,2.5794320702552795,True,2,
fedavg,post_agg_val,2,2,19,,-2.486675960827718,3.645732601483663,3.278732260068258,True,2,
fedavg,post_agg_val,2,2,20,,-2.1416577554382052,5.923420429229736,5.213951349258423,True,2,
fedavg,post_agg_val,3,3,,-2.610577231722164,-2.8091136168864046,2.607420350276008,2.3662238016571875,True,3,
fedavg,post_agg_val,3,3,01,,-2.8619791002716193,2.3060423135757446,2.1262148221333823,True,3,
fedavg,post_agg_val,3,3,02,,-2.870554960074545,2.308069666226705,2.095430612564087,True,3,
fedavg,post_agg_val,3,3,03,,-2.89814559618632,1.9145394961039226,1.7011916438738506,True,3,
fedavg,post_agg_val,3,3,04,,-2.8868892092664704,2.1805381377538047,1.853794018427531,True,3,
fedavg,post_agg_val,3,3,05,,-2.925236217147636,1.7756136655807495,1.4529470602671306,True,3,
fedavg,post_agg_val,3,3,06,,-2.811963657975722,2.706834554672241,2.541343371073405,True,3,
fedavg,post_agg_val,3,3,07,,-2.94193355479139,1.449747085571289,1.291049857934316,True,3,
fedavg,post_agg_val,3,3,08,,-2.609514446258545,4.115727821985881,3.9083743890126548,True,3,
fedavg,post_agg_val,3,3,09,,-2.3306685219640317,5.574845790863037,5.414636135101318,True,3,
fedavg,post_agg_val,3,3,10,,-2.9121324237267574,1.9383411407470703,1.8260220487912495,True,3,
fedavg,post_agg_val,3,3,11,,-2.6476395708449343,3.8569270769755044,3.7357496420542398,True,3,
fedavg,post_agg_val,3,3,12,,-2.9066684371546696,1.827101707458496,1.6620004177093506,True,3,
fedavg,post_agg_val,3,3,13,,-2.9160442201940864,2.027890205383301,1.6857281128565471,True,3,
fedavg,post_agg_val,3,3,14,,-2.8845201150505946,2.220069964726766,1.9576075077056885,True,3,
fedavg,post_agg_val,3,3,15,,-2.931532953325556,1.7704637845357258,1.6638514796892803,True,3,
fedavg,post_agg_val,3,3,16,,-2.91740986048165,1.7822255690892537,1.574511965115865,True,3,
fedavg,post_agg_val,3,3,17,,-2.945555405916223,1.5464385747909546,1.3571639855702717,True,3,
fedavg,post_agg_val,3,3,18,,-2.8752223465947195,2.1333351135253906,1.9255553682645161,True,3,
fedavg,post_agg_val,3,3,19,,-2.775906244210437,3.0540820757548013,2.6917347510655723,True,3,
fedavg,post_agg_val,3,3,20,,-2.3652215320452123,5.4364854494730634,4.672045946121216,True,3,
fedavg,post_agg_val,4,4,,-2.7718546899087424,-2.7779684814038834,2.8250234653655646,2.5866680816986,False,3,
fedavg,post_agg_val,4,4,01,,-2.8358219836834615,2.6471298138300576,2.431083639462789,False,3,
fedavg,post_agg_val,4,4,02,,-2.845643622534616,2.5936185121536255,2.317758480707804,False,3,
fedavg,post_agg_val,4,4,03,,-2.869473793241713,2.299625118573507,2.0614226659139,False,3,
fedavg,post_agg_val,4,4,04,,-2.8877642675608146,2.1378959814707437,1.8026928106943767,False,3,
fedavg,post_agg_val,4,4,05,,-2.919891519027774,1.7846583525339763,1.6044915517171223,False,3,
fedavg,post_agg_val,4,4,06,,-2.760236446027714,3.25402824083964,3.126729647318522,False,3,
fedavg,post_agg_val,4,4,07,,-2.9391425193624294,1.418859561284383,1.3235146800676982,False,3,
fedavg,post_agg_val,4,4,08,,-2.5318265120188395,4.6553458372751875,4.493459463119507,False,3,
fedavg,post_agg_val,4,4,09,,-2.1920831327852994,6.222944736480713,6.0675398508707685,False,3,
fedavg,post_agg_val,4,4,10,,-2.954146798531614,1.4696352084477742,1.317661960919698,False,3,
fedavg,post_agg_val,4,4,11,,-2.5590336059002166,4.501807848612468,4.42296576499939,False,3,
fedavg,post_agg_val,4,4,12,,-2.883807370537206,2.174388845761617,1.9018751382827759,False,3,
fedavg,post_agg_val,4,4,13,,-2.9374764115960748,1.694793939590454,1.3663597106933594,False,3,
fedavg,post_agg_val,4,4,14,,-2.863039109559186,2.4547545115152993,2.0936386982599893,False,3,
fedavg,post_agg_val,4,4,15,,-2.9607557302021847,1.363361120223999,1.2390411297480266,False,3,
fedavg,post_agg_val,4,4,16,,-2.903543714749611,1.9673638343811035,1.7128140926361084,False,3,
fedavg,post_agg_val,4,4,17,,-2.9517788887023926,1.2666285634040833,1.176416238149007,False,3,
fedavg,post_agg_val,4,4,18,,-2.8430791870687018,2.582935412724813,2.351300517717997,False,3,
fedavg,post_agg_val,4,4,19,,-2.7212240084082677,3.5495874881744385,3.1697773138682046,False,3,
fedavg,post_agg_val,4,4,20,,-2.255326779542771,5.967128912607829,5.292332808176677,False,3,
fedavg,post_agg_val,5,5,,-2.8556451257980355,-2.752110209356391,3.0264828339672842,2.778894603845689,False,3,
fedavg,post_agg_val,5,5,01,,-2.8156931339939937,2.8654937744140625,2.616599996884664,False,3,
fedavg,post_agg_val,5,5,02,,-2.8208067296933725,2.8429501056671143,2.510088006655375,False,3,
fedavg,post_agg_val,5,5,03,,-2.8429498619503444,2.6118705670038858,2.3915093739827475,False,3,
fedavg,post_agg_val,5,5,04,,-2.8796453435881797,2.2585692405700684,1.8745895624160767,False,3,
fedavg,post_agg_val,5,5,05,,-2.9067325881335524,1.964532732963562,1.795243461926778,False,3,
fedavg,post_agg_val,5,5,06,,-2.7270678539108073,3.534820477167765,3.4234190781911216,False,3,
fedavg,post_agg_val,5,5,07,,-2.928182448732092,1.6437063415845234,1.5153445601463318,False,3,
fedavg,post_agg_val,5,5,08,,-2.4822750939263236,4.947127501169841,4.797880967458089,False,3,
fedavg,post_agg_val,5,5,09,,-2.116028693447942,6.535754998524983,6.37953249613444,False,3,
fedavg,post_agg_val,5,5,10,,-2.966234172408904,1.2901347875595093,1.1021643082300823,False,3,
fedavg,post_agg_val,5,5,11,,-2.496693642595981,4.872066020965576,4.805601278940837,False,3,
fedavg,post_agg_val,5,5,12,,-2.865022630022283,2.4168173472086587,2.1303433577219644,False,3,
fedavg,post_agg_val,5,5,13,,-2.939343209739204,1.6393816868464153,1.3803772926330566,False,3,
fedavg,post_agg_val,5,5,14,,-2.838510566053137,2.70642360051473,2.2549757957458496,False,3,
fedavg,post_agg_val,5,5,15,,-2.970811161547076,1.191811482111613,1.0634552041689556,False,3,
fedavg,post_agg_val,5,5,16,,-2.8860199128167103,2.2066388924916587,1.889836589495341,False,3,
fedavg,post_agg_val,5,5,17,,-2.942984480788742,1.4122549494107564,1.3196217219034831,False,3,
fedavg,post_agg_val,5,5,18,,-2.819271180639623,2.8394999504089355,2.605829119682312,False,3,
fedavg,post_agg_val,5,5,19,,-2.6839380095490313,3.833639701207479,3.485326608022054,False,3,
fedavg,post_agg_val,5,5,20,,-2.182428365260099,6.280547936757405,5.640414714813232,False,3,
fedavg,post_agg_val,6,6,,-2.8925727817818236,-2.736736180850347,3.184876446855601,2.92142776780922,False,3,
fedavg,post_agg_val,6,6,01,,-2.8062185607378995,3.049372434616089,2.774038632710775,False,3,
fedavg,post_agg_val,6,6,02,,-2.8069284563304997,3.0477988719940186,2.6633191108703613,False,3,
fedavg,post_agg_val,6,6,03,,-2.8275939337412517,2.869774500528971,2.657564957936605,False,3,
fedavg,post_agg_val,6,6,04,,-2.8827507175317333,2.3494120041529336,1.9561373392740886,False,3,
fedavg,post_agg_val,6,6,05,,-2.900883065107976,2.157405058542887,1.9334978659947712,False,3,
fedavg,post_agg_val,6,6,06,,-2.706694096720691,3.766875425974528,3.656534274419149,False,3,
fedavg,post_agg_val,6,6,07,,-2.924847406022092,1.8602380355199177,1.6992340485254924,False,3,
fedavg,post_agg_val,6,6,08,,-2.4419948927561443,5.21919059753418,5.073058128356934,False,3,
fedavg,post_agg_val,6,6,09,,-2.060441926251287,6.788645108540853,6.626023928324382,False,3,
fedavg,post_agg_val,6,6,10,,-2.9821649903628096,0.9345324238141378,0.7451442281405131,False,3,
fedavg,post_agg_val,6,6,11,,-2.4483484836334877,5.188749472300212,5.1246897379557295,False,3,
fedavg,post_agg_val,6,6,12,,-2.855462438181827,2.624595801035563,2.3228028615315757,False,3,
fedavg,post_agg_val,6,6,13,,-2.9477377539282448,1.5676153898239136,1.3914926052093506,False,3,
fedavg,post_agg_val,6,6,14,,-2.822717105392861,2.924055020014445,2.3563926219940186,False,3,
fedavg,post_agg_val,6,6,15,,-2.9852623307243897,0.8392852544784546,0.7208070158958435,False,3,
fedavg,post_agg_val,6,6,16,,-2.8772758871822033,2.4151946703592935,2.0192693869272866,False,3,
fedavg,post_agg_val,6,6,17,,-2.939894397477597,1.6455105940500896,1.5189975102742512,False,3,
fedavg,post_agg_val,6,6,18,,-2.8082526768886202,3.033221960067749,2.784964164098104,False,3,
fedavg,post_agg_val,6,6,19,,-2.6605008619021526,4.06067434946696,3.727846384048462,False,3,
fedavg,post_agg_val,6,6,20,,-2.127248310409816,6.542070070902507,5.917280832926433,False,3,
fedavg,post_agg_val,7,7,,-2.9173183470326265,-2.726628008470997,3.248883093145229,2.9835803377358494,False,3,
fedavg,post_agg_val,7,7,01,,-2.8005680887004996,3.0788431962331138,2.8111935456593833,False,3,
fedavg,post_agg_val,7,7,02,,-2.7974465494396306,3.1099448204040527,2.716288169225057,False,3,
fedavg,post_agg_val,7,7,03,,-2.8168212021721732,2.944545348485311,2.743157466252645,False,3,
fedavg,post_agg_val,7,7,04,,-2.883121981340296,2.3300154209136963,1.9525137742360432,False,3,
fedavg,post_agg_val,7,7,05,,-2.891302244433798,2.249011238416036,2.021668791770935,False,3,
fedavg,post_agg_val,7,7,06,,-2.693929904357977,3.834711710611979,3.7118965784708657,False,3,
fedavg,post_agg_val,7,7,07,,-2.9154854551274725,1.9565695524215698,1.7830096085866292,False,3,
fedavg,post_agg_val,7,7,08,,-2.4341412629021537,5.24508810043335,5.103012243906657,False,3,
fedavg,post_agg_val,7,7,09,,-2.0295371314753656,6.891338348388672,6.723024686177571,False,3,
fedavg,post_agg_val,7,7,10,,-2.979554708279557,0.9856009682019552,0.8053607940673828,False,3,
fedavg,post_agg_val,7,7,11,,-2.4362602051268234,5.235313892364502,5.170606931050618,False,3,
fedavg,post_agg_val,7,7,12,,-2.845376228031359,2.700206995010376,2.405712604522705,False,3,
fedavg,post_agg_val,7,7,13,,-2.9431210530770793,1.6323343912760417,1.4414491256078084,False,3,
fedavg,post_agg_val,7,7,14,,-2.8090525601817444,3.0275088946024575,2.4563505252202353,False,3,
fedavg,post_agg_val,7,7,15,,-2.9849260274876546,0.8479197025299072,0.7326783339182535,False,3,
fedavg,post_agg_val,7,7,16,,-2.8686551886089777,2.4881003300348916,2.0911181370417276,False,3,
fedavg,post_agg_val,7,7,17,,-2.929870971734973,1.7614907026290894,1.6407687664031982,False,3,
fedavg,post_agg_val,7,7,18,,-2.794577505578639,3.12567130724589,2.856010834376017,False,3,
fedavg,post_agg_val,7,7,19,,-2.648839961111018,4.118002971013387,3.7838311195373535,False,3,
fedavg,post_agg_val,7,7,20,,-2.1111821822360555,6.594764073689778,5.958705425262451,False,3,
fedavg,post_agg_val,8,8,,-2.93243046595019,-2.6897151777634076,3.5069395969383907,3.237512598098893,False,3,
fedavg,post_agg_val,8,8,01,,-2.765475484389293,3.3694934844970703,3.10068416595459,False,3,
fedavg,post_agg_val,8,8,02,,-2.7661194540873297,3.367649714152018,2.953096787134806,False,3,
fedavg,post_agg_val,8,8,03,,-2.7797617880503336,3.2638189792633057,3.0652734438578286,False,3,
fedavg,post_agg_val,8,8,04,,-2.8625436029514346,2.564378023147583,2.182998458544413,False,3,
fedavg,post_agg_val,8,8,05,,-2.867225095317952,2.5230844815572104,2.2728960116704306,False,3,
fedavg,post_agg_val,8,8,06,,-2.6435056919568436,4.165744304656982,4.034559806187947,False,3,
fedavg,post_agg_val,8,8,07,,-2.8921696490429816,2.260231892267863,2.0749475161234536,False,3,
fedavg,post_agg_val,8,8,08,,-2.3611486191219755,5.594059785207112,5.45242436726888,False,3,
fedavg,post_agg_val,8,8,09,,-1.9485742029936417,7.1852060953776045,7.012561639149983,False,3,
fedavg,post_agg_val,8,8,10,,-2.979729908794614,0.9528144001960754,0.8413935502370199,False,3,
fedavg,post_agg_val,8,8,11,,-2.365138347098168,5.576499938964844,5.511526266733806,False,3,
fedavg,post_agg_val,8,8,12,,-2.8146907446677223,2.9890708128611245,2.7005407015482583,False,3,
fedavg,post_agg_val,8,8,13,,-2.9320750343906985,1.7982083559036255,1.6008828083674114,False,3,
fedavg,post_agg_val,8,8,14,,-2.776946128997128,3.2936118443806968,2.6816787719726562,False,3,
fedavg,post_agg_val,8,8,15,,-2.9889740324810723,0.7364750703175863,0.6318971316019694,False,3,
fedavg,post_agg_val,8,8,16,,-2.8426004587593727,2.7553860346476235,2.3228474458058677,False,3,
fedavg,post_agg_val,8,8,17,,-2.9056021902296276,2.1058449745178223,1.988393743832906,False,3,
fedavg,post_agg_val,8,8,18,,-2.7617447643359174,3.3937609990437827,3.1124598185221353,False,3,
fedavg,post_agg_val,8,8,19,,-2.5965838812093818,4.436932881673177,4.097654978434245,False,3,
fedavg,post_agg_val,8,8,20,,-2.0377151006090957,6.875155448913574,6.253673394521077,False,3,
fedavg,post_agg_val,9,9,,-2.94520895868476,-2.6932024517251283,3.4819849446170896,3.214542814065492,False,3,
fedavg,post_agg_val,9,9,01,,-2.771253986197685,3.327650229136149,3.060136318206787,False,3,
fedavg,post_agg_val,9,9,02,,-2.7722098286412344,3.3236738046010337,2.905163844426473,False,3,
fedavg,post_agg_val,9,9,03,,-2.7847906080881755,3.226665417353312,3.032759348551432,False,3,
fedavg,post_agg_val,9,9,04,,-2.870088398957453,2.493035872777303,2.1293729543685913,False,3,
fedavg,post_agg_val,9,9,05,,-2.8705253261901347,2.4922304153442383,2.2495495875676474,False,3,
fedavg,post_agg_val,9,9,06,,-2.6471839339722623,4.144298712412517,4.004581769307454,False,3,
fedavg,post_agg_val,9,9,07,,-2.892968716519944,2.252679228782654,2.0604997078577676,False,3,
fedavg,post_agg_val,9,9,08,,-2.3610646963119506,5.594769636789958,5.457512537638347,False,3,
fedavg,post_agg_val,9,9,09,,-1.9551036845082823,7.162798563639323,6.990972359975179,False,3,
fedavg,post_agg_val,9,9,10,,-2.9802627803093227,0.9361368616422018,0.8300787806510925,False,3,
fedavg,post_agg_val,9,9,11,,-2.3677957139116654,5.5650315284729,5.498229185740153,False,3,
fedavg,post_agg_val,9,9,12,,-2.818522244169001,2.957611560821533,2.6828474203745523,False,3,
fedavg,post_agg_val,9,9,13,,-2.933595221321862,1.7804908752441406,1.5881197849909465,False,3,
fedavg,post_agg_val,9,9,14,,-2.7791475047052434,3.2783265908559165,2.6692744890848794,False,3,
fedavg,post_agg_val,9,9,15,,-2.9902174341085868,0.6882484555244446,0.5925098955631256,False,3,
fedavg,post_agg_val,9,9,16,,-2.846402164232933,2.722775379816691,2.288117448488871,False,3,
fedavg,post_agg_val,9,9,17,,-2.90460307125884,2.118377606074015,2.007278879483541,False,3,
fedavg,post_agg_val,9,9,18,,-2.7618202134286713,3.393885294596354,3.112455129623413,False,3,
fedavg,post_agg_val,9,9,19,,-2.6008009446405733,4.41409158706665,4.073006312052409,False,3,
fedavg,post_agg_val,9,9,20,,-2.048332947545347,6.837326685587565,6.204496065775554,False,3,
fedavg,post_agg_val,10,10,,-2.948150459940224,-2.7061491922265897,3.404075768293994,3.136699657917708,False,3,
fedavg,post_agg_val,10,10,01,,-2.786479535485119,3.228591521581014,2.9608635902404785,False,3,
fedavg,post_agg_val,10,10,02,,-2.7852579866136824,3.239666144053141,2.8185009956359863,False,3,
fedavg,post_agg_val,10,10,03,,-2.7989106761084663,3.1332775751749673,2.9438416957855225,False,3,
fedavg,post_agg_val,10,10,04,,-2.884495272355921,2.366543690363566,2.013999621073405,False,3,
fedavg,post_agg_val,10,10,05,,-2.882048020303,2.394270976384481,2.161479910214742,False,3,
fedavg,post_agg_val,10,10,06,,-2.658993666392591,4.086952129999797,3.9378281434377036,False,3,
fedavg,post_agg_val,10,10,07,,-2.900846810036517,2.1879826386769614,1.987837553024292,False,3,
fedavg,post_agg_val,10,10,08,,-2.388531658384535,5.4827704429626465,5.344655990600586,False,3,
fedavg,post_agg_val,10,10,09,,-1.9706878817599753,7.116663297017415,6.946020762125651,False,3,
fedavg,post_agg_val,10,10,10,,-2.9837199120066273,0.8659875988960266,0.7528850237528483,False,3,
fedavg,post_agg_val,10,10,11,,-2.394149957819188,5.457355340321858,5.389491558074951,False,3,
fedavg,post_agg_val,10,10,12,,-2.8291673242000113,2.884570519129435,2.6231815814971924,False,3,
fedavg,post_agg_val,10,10,13,,-2.9379314001616055,1.7350852092107136,1.5580775340398152,False,3,
fedavg,post_agg_val,10,10,14,,-2.7901903422532883,3.205985943476359,2.5876583258310952,False,3,
fedavg,post_agg_val,10,10,15,,-2.9926625694359204,0.60154261191686,0.5011137425899506,False,3,
fedavg,post_agg_val,10,10,16,,-2.8577228400666836,2.634529193242391,2.189166267712911,False,3,
fedavg,post_agg_val,10,10,17,,-2.909986449900457,2.079581300417582,1.9800506432851155,False,3,
fedavg,post_agg_val,10,10,18,,-2.7660274713365864,3.378615140914917,3.10517946879069,False,3,
fedavg,post_agg_val,10,10,19,,-2.6162946203113657,4.338444550832112,3.994294007619222,False,3,
fedavg,post_agg_val,10,10,20,,-2.077763004640562,6.7376736005147295,6.086823145548503,False,3,
fedavg,post_agg_val,11,11,,-2.955204561186807,-2.7089925927151834,3.384213030641518,3.1159770179026025,False,3,
fedavg,post_agg_val,11,11,01,,-2.792403176867006,3.182102998097738,2.919425884882609,False,3,
fedavg,post_agg_val,11,11,02,,-2.7895180217358244,3.2065159479777017,2.782607316970825,False,3,
fedavg,post_agg_val,11,11,03,,-2.803310556411743,3.0977721214294434,2.9137686093648276,False,3,
fedavg,post_agg_val,11,11,04,,-2.890047167529579,2.3076447248458862,1.9577239354451497,False,3,
fedavg,post_agg_val,11,11,05,,-2.8846209378422056,2.367482821146647,2.142003138860067,False,3,
fedavg,post_agg_val,11,11,06,,-2.662334169060123,4.0661405722300215,3.9111269315083823,False,3,
fedavg,post_agg_val,11,11,07,,-2.9022964345647932,2.171069622039795,1.9649678468704224,False,3,
fedavg,post_agg_val,11,11,08,,-2.389624623192681,5.477648893992106,5.3363118171691895,False,3,
fedavg,post_agg_val,11,11,09,,-1.9763030808904896,7.096699237823486,6.925673484802246,False,3,
fedavg,post_agg_val,11,11,10,,-2.9832106990430822,0.8780700961748759,0.7601053317387899,False,3,
fedavg,post_agg_val,11,11,11,,-2.3950625896453857,5.452951590220134,5.381152788798015,False,3,
fedavg,post_agg_val,11,11,12,,-2.8318451789387487,2.8608208497365317,2.605275869369507,False,3,
fedavg,post_agg_val,11,11,13,,-2.9385913041260867,1.7260053157806396,1.548955241839091,False,3,
fedavg,post_agg_val,11,11,14,,-2.791995603426368,3.1919569174448648,2.575652996699015,False,3,
fedavg,post_agg_val,11,11,15,,-2.992605493872205,0.601355771223704,0.5005103051662445,False,3,
fedavg,post_agg_val,11,11,16,,-2.8597663459131275,2.614897092183431,2.1737339893976846,False,3,
fedavg,post_agg_val,11,11,17,,-2.910060467927352,2.077282508214315,1.9854204257329304,False,3,
fedavg,post_agg_val,11,11,18,,-2.766243182771928,3.3764050801595054,3.095966895421346,False,3,
fedavg,post_agg_val,11,11,19,,-2.6199544214569364,4.316974639892578,3.9696150620778403,False,3,
fedavg,post_agg_val,11,11,20,,-2.0876305641326227,6.701033592224121,6.030474662780762,False,3,
fedavg,post_agg_val,12,12,,-2.9615702477461268,-2.7058406786116,3.4030704515254366,3.130275090548665,False,3,
fedavg,post_agg_val,12,12,01,,-2.7929383772837966,3.1732236544291177,2.919231096903483,False,3,
fedavg,post_agg_val,12,12,02,,-2.787709745038457,3.2167641321818032,2.786576827367147,False,3,
fedavg,post_agg_val,12,12,03,,-2.801096289952596,3.1109466552734375,2.9296511014302573,False,3,
fedavg,post_agg_val,12,12,04,,-2.889387042582536,2.3101444244384766,1.9573320945103962,False,3,
fedavg,post_agg_val,12,12,05,,-2.8841572306644965,2.36743156115214,2.145414153734843,False,3,
fedavg,post_agg_val,12,12,06,,-2.6583059401239066,4.086618741353353,3.92238450050354,False,3,
fedavg,post_agg_val,12,12,07,,-2.9017939669020634,2.1712229251861572,1.9537711143493652,False,3,
fedavg,post_agg_val,12,12,08,,-2.381070446968079,5.513295809427897,5.36022933324178,False,3,
fedavg,post_agg_val,12,12,09,,-1.9732970476150513,7.104841391245524,6.930771668752034,False,3,
fedavg,post_agg_val,12,12,10,,-2.981061734146808,0.9183657566706339,0.8060314456621805,False,3,
fedavg,post_agg_val,12,12,11,,-2.381810453090262,5.509532292683919,5.435154914855957,False,3,
fedavg,post_agg_val,12,12,12,,-2.829820478171633,2.8732208410898843,2.6166295210520425,False,3,
fedavg,post_agg_val,12,12,13,,-2.9360290561710394,1.7573319673538208,1.5759496291478474,False,3,
fedavg,post_agg_val,12,12,14,,-2.7890207092318913,3.211925824483236,2.5879552364349365,False,3,
fedavg,post_agg_val,12,12,15,,-2.9917930542434776,0.6356745958328247,0.5302095413208008,False,3,
fedavg,post_agg_val,12,12,16,,-2.8561301231384277,2.6447510719299316,2.2019195556640625,False,3,
fedavg,post_agg_val,12,12,17,,-2.906183446663013,2.114545305569967,2.0322913328806558,False,3,
fedavg,post_agg_val,12,12,18,,-2.765144591509554,3.3805771668752036,3.0821541945139566,False,3,
fedavg,post_agg_val,12,12,19,,-2.6152139153100746,4.34097146987915,3.9804449876149497,False,3,
fedavg,post_agg_val,12,12,20,,-2.082572891648892,6.7177839279174805,6.025737444559733,False,3,
fedavg,post_agg_val,13,13,,-2.966653577846174,-2.6768841796205045,3.5988627126907202,3.327085602714593,False,3,
fedavg,post_agg_val,13,13,01,,-2.7662304081494296,3.3832406997680664,3.167151610056559,False,3,
fedavg,post_agg_val,13,13,02,,-2.7635976166284384,3.4042086601257324,2.9834530353546143,False,3,
fedavg,post_agg_val,13,13,03,,-2.7760997019873725,3.3119924863179526,3.1190035343170166,False,3,
fedavg,post_agg_val,13,13,04,,-2.87382771788525,2.480371634165446,2.14947772026062,False,3,
fedavg,post_agg_val,13,13,05,,-2.870720820446892,2.5125481287638345,2.270125945409139,False,3,
fedavg,post_agg_val,13,13,06,,-2.620667910260776,4.315722465515137,4.16320276260376,False,3,
fedavg,post_agg_val,13,13,07,,-2.885558697517882,2.36020565032959,2.136924624443054,False,3,
fedavg,post_agg_val,13,13,08,,-2.333967153761122,5.725707372029622,5.569296518961589,False,3,
fedavg,post_agg_val,13,13,09,,-1.904269184236941,7.345717271169026,7.183169523874919,False,3,
fedavg,post_agg_val,13,13,10,,-2.9722336860158336,1.1417213877042134,0.9978151718775431,False,3,
fedavg,post_agg_val,13,13,11,,-2.323099709571676,5.77211062113444,5.699716409047444,False,3,
fedavg,post_agg_val,13,13,12,,-2.8053669511226187,3.085837443669637,2.865175485610962,False,3,
fedavg,post_agg_val,13,13,13,,-2.92671495514947,1.887820800145467,1.6682010491689045,False,3,
fedavg,post_agg_val,13,13,14,,-2.7666593146535146,3.3849895000457764,2.715799887975057,False,3,
fedavg,post_agg_val,13,13,15,,-2.9919517027080387,0.6089650988578796,0.48628519972165424,False,3,
fedavg,post_agg_val,13,13,16,,-2.834044836335263,2.850862661997477,2.4102771282196045,False,3,
fedavg,post_agg_val,13,13,17,,-2.8845036836062077,2.368933121363322,2.298207720120748,False,3,
fedavg,post_agg_val,13,13,18,,-2.7388264707509906,3.5771246751149497,3.294763167699178,False,3,
fedavg,post_agg_val,13,13,19,,-2.5738258404014385,4.576691468556722,4.233753522237142,False,3,
fedavg,post_agg_val,13,13,20,,-2.0212750107841155,6.943134148915608,6.25624958674113,False,3,
fedavg,post_agg_val,14,14,,-2.9692537225288294,-2.7122159150289606,3.3700774347923645,3.099561034316889,False,3,
fedavg,post_agg_val,14,14,01,,-2.796563000618657,3.151524782180786,2.9474453926086426,False,3,
fedavg,post_agg_val,14,14,02,,-2.794708536452606,3.1689305305480957,2.756417989730835,False,3,
fedavg,post_agg_val,14,14,03,,-2.8070808135138616,3.0699291229248047,2.8861366907755532,False,3,
fedavg,post_agg_val,14,14,04,,-2.8981853633367716,2.2229501803716025,1.9017374118169148,False,3,
fedavg,post_agg_val,14,14,05,,-2.8943829845683844,2.266344507535299,2.046692728996277,False,3,
fedavg,post_agg_val,14,14,06,,-2.665960003100828,4.046285470326741,3.8831920623779297,False,3,
fedavg,post_agg_val,14,14,07,,-2.9053992667096726,2.1405301888783774,1.902969201405843,False,3,
fedavg,post_agg_val,14,14,08,,-2.414727963341607,5.364635467529297,5.190308888753255,False,3,
fedavg,post_agg_val,14,14,09,,-1.9714930202649987,7.115185578664144,6.953577359517415,False,3,
fedavg,post_agg_val,14,14,10,,-2.978206414074155,1.0024843414624531,0.880874772866567,False,3,
fedavg,post_agg_val,14,14,11,,-2.4032048377584903,5.416965325673421,5.339197317759196,False,3,
fedavg,post_agg_val,14,14,12,,-2.832887528235452,2.8546690940856934,2.636624813079834,False,3,
fedavg,post_agg_val,14,14,13,,-2.9359520963720374,1.7631491820017497,1.5777700344721477,False,3,
fedavg,post_agg_val,14,14,14,,-2.7957126883278907,3.165064016977946,2.5083327293395996,False,3,
fedavg,post_agg_val,14,14,15,,-2.992049576827834,0.6207401951154073,0.49116250872612,False,3,
fedavg,post_agg_val,14,14,16,,-2.859260813664582,2.6216848691304526,2.1913177967071533,False,3,
fedavg,post_agg_val,14,14,17,,-2.901845777668239,2.17676850159963,2.109745661417643,False,3,
fedavg,post_agg_val,14,14,18,,-2.770368916365121,3.350864807764689,3.060466925303141,False,3,
fedavg,post_agg_val,14,14,19,,-2.618059162544993,4.32988699277242,3.9669410387674966,False,3,
fedavg,post_agg_val,14,14,20,,-2.092426715698917,6.6842420895894366,5.957481861114502,False,3,
fedavg,post_agg_val,15,15,,-2.9731708200445013,-2.6895892464252364,3.527300633156641,3.2601624142540895,False,3,
fedavg,post_agg_val,15,15,01,,-2.7740744498208607,3.3247334957122803,3.1417455673217773,False,3,
fedavg,post_agg_val,15,15,02,,-2.7757522619071127,3.314409017562866,2.9174280166625977,False,3,
fedavg,post_agg_val,15,15,03,,-2.7863190597958036,3.233922243118286,3.0398210684458413,False,3,
fedavg,post_agg_val,15,15,04,,-2.884141441152877,2.374873161315918,2.075670838356018,False,3,
fedavg,post_agg_val,15,15,05,,-2.8826552514750587,2.3915433088938394,2.1570175091425576,False,3,
fedavg,post_agg_val,15,15,06,,-2.639282134135914,4.20726482073466,4.055667797724406,False,3,
fedavg,post_agg_val,15,15,07,,-2.8909443936449417,2.3028149604797363,2.067724267641703,False,3,
fedavg,post_agg_val,15,15,08,,-2.3821809996498957,5.513274192810059,5.345728715260823,False,3,
fedavg,post_agg_val,15,15,09,,-1.9151107497837232,7.309035778045654,7.153974692026774,False,3,
fedavg,post_agg_val,15,15,10,,-2.970137414021708,1.1820348103841145,1.0515533884366353,False,3,
fedavg,post_agg_val,15,15,11,,-2.3662855970098615,5.5834964116414385,5.510518232981364,False,3,
fedavg,post_agg_val,15,15,12,,-2.8137671278234113,3.0171821117401123,2.817563454310099,False,3,
fedavg,post_agg_val,15,15,13,,-2.927037389428766,1.8822598059972127,1.6627506812413533,False,3,
fedavg,post_agg_val,15,15,14,,-2.778298546782637,3.298399289449056,2.6219379901885986,False,3,
fedavg,post_agg_val,15,15,15,,-2.9890912316780724,0.7098016142845154,0.5499346256256104,False,3,
fedavg,post_agg_val,15,15,16,,-2.841555082191855,2.7841386795043945,2.3569536209106445,False,3,
fedavg,post_agg_val,15,15,17,,-2.8835931204367373,2.3773380120595298,2.3106676737467446,False,3,
fedavg,post_agg_val,15,15,18,,-2.750273475013828,3.4976181189219155,3.2291266123453775,False,3,
fedavg,post_agg_val,15,15,19,,-2.5870831476903593,4.504060745239258,4.1687995592753095,False,3,
fedavg,post_agg_val,15,15,20,,-2.043747541123787,6.862304210662842,6.146997928619385,False,3,
fedavg,post_agg_val,16,16,,-2.974733203483598,-2.7107337167689662,3.391962758890781,3.118183898528505,False,3,
fedavg,post_agg_val,16,16,01,,-2.796682260207486,3.159355719884237,2.9727503458658853,False,3,
fedavg,post_agg_val,16,16,02,,-2.796003866596382,3.166047970453898,2.763230244318644,False,3,
fedavg,post_agg_val,16,16,03,,-2.805305632485284,3.092555602391561,2.9084662596384683,False,3,
fedavg,post_agg_val,16,16,04,,-2.9001444007168296,2.210980494817098,1.8992153803507488,False,3,
fedavg,post_agg_val,16,16,05,,-2.8956763036081483,2.261404832204183,2.0338613192240396,False,3,
fedavg,post_agg_val,16,16,06,,-2.667890339695935,4.04157018661499,3.8818393548329673,False,3,
fedavg,post_agg_val,16,16,07,,-2.903975178333039,2.1675941149393716,1.9198793172836304,False,3,
fedavg,post_agg_val,16,16,08,,-2.423975445429484,5.327107588450114,5.152080059051514,False,3,
fedavg,post_agg_val,16,16,09,,-1.9568369326384172,7.169802188873291,7.011048952738444,False,3,
fedavg,post_agg_val,16,16,10,,-2.974707887400335,1.1003032724062602,0.9647534489631653,False,3,
fedavg,post_agg_val,16,16,11,,-2.4058800849508732,5.409942468007405,5.332860469818115,False,3,
fedavg,post_agg_val,16,16,12,,-2.8299744547459116,2.8887740770975747,2.6837844848632812,False,3,
fedavg,post_agg_val,16,16,13,,-2.934650270788519,1.7881094614664714,1.5850724776585896,False,3,
fedavg,post_agg_val,16,16,14,,-2.7937738135852643,3.185358762741089,2.4967428843180337,False,3,
fedavg,post_agg_val,16,16,15,,-2.9902985082805484,0.6808556715647379,0.5139325658480326,False,3,
fedavg,post_agg_val,16,16,16,,-2.8550642749010504,2.6683708826700845,2.2243541876475015,False,3,
fedavg,post_agg_val,16,16,17,,-2.8962758554928545,2.251824458440145,2.181288401285807,False,3,
fedavg,post_agg_val,16,16,18,,-2.770008080233182,3.3612633546193442,3.0830692450205484,False,3,
fedavg,post_agg_val,16,16,19,,-2.615199937229663,4.351993719736735,4.00155766805013,False,3,
fedavg,post_agg_val,16,16,20,,-2.08546000560828,6.713655789693196,5.966241200764974,False,3,
fedavg,post_agg_val,17,17,,-2.9763815123085293,-2.7121794581597842,3.3847300859755545,3.1025051679076285,False,3,
fedavg,post_agg_val,17,17,01,,-2.798946851416479,3.1422276496887207,2.950648228327433,False,3,
fedavg,post_agg_val,17,17,02,,-2.7984482180170653,3.1474997997283936,2.7387637297312417,False,3,
fedavg,post_agg_val,17,17,03,,-2.805082009633382,3.094644546508789,2.9136650562286377,False,3,
fedavg,post_agg_val,17,17,04,,-2.900552104501163,2.2071101665496826,1.8855249484380086,False,3,
fedavg,post_agg_val,17,17,05,,-2.8963893357679935,2.254125436147054,2.0176192124684653,False,3,
fedavg,post_agg_val,17,17,06,,-2.6707418553104483,4.02451475461324,3.858456611633301,False,3,
fedavg,post_agg_val,17,17,07,,-2.9046946261791473,2.1602301597595215,1.8971561193466187,False,3,
fedavg,post_agg_val,17,17,08,,-2.425616635746426,5.319689909617106,5.136707464853923,False,3,
fedavg,post_agg_val,17,17,09,,-1.9652529250020567,7.14109468460083,6.974051157633464,False,3,
fedavg,post_agg_val,17,17,10,,-2.9737460936733227,1.12158864736557,0.9868736267089844,False,3,
fedavg,post_agg_val,17,17,11,,-2.406723417119777,5.406287829081218,5.325516223907471,False,3,
fedavg,post_agg_val,17,17,12,,-2.831335293619256,2.877593517303467,2.658238967259725,False,3,
fedavg,post_agg_val,17,17,13,,-2.9337269508086883,1.8013323148091633,1.5987017154693604,False,3,
fedavg,post_agg_val,17,17,14,,-2.7939170778325173,3.1845549742380777,2.478076696395874,False,3,
fedavg,post_agg_val,17,17,15,,-2.991013895740825,0.6573298374811808,0.4947327474753062,False,3,
fedavg,post_agg_val,17,17,16,,-2.8552314992678367,2.6671460469563804,2.209756930669149,False,3,
fedavg,post_agg_val,17,17,17,,-2.893061900484389,2.2872217496236167,2.2134934266408286,False,3,
fedavg,post_agg_val,17,17,18,,-2.7758575494853295,3.3188020388285318,3.0250062147776284,False,3,
fedavg,post_agg_val,17,17,19,,-2.616649437794643,4.344077905019124,3.983311573664347,False,3,
fedavg,post_agg_val,17,17,20,,-2.088530187058238,6.702594598134358,5.928524494171143,False,3,
fedavg,post_agg_val,18,18,,-2.9773904648850764,-2.703326971518785,3.446568060881935,3.1748151978494175,False,3,
fedavg,post_agg_val,18,18,01,,-2.7919373331190664,3.1939582029978433,3.014270305633545,False,3,
fedavg,post_agg_val,18,18,02,,-2.7914063129104485,3.19981050491333,2.81236465771993,False,3,
fedavg,post_agg_val,18,18,03,,-2.7984183650546606,3.144582430521647,2.9596828619639077,False,3,
fedavg,post_agg_val,18,18,04,,-2.89673816656866,2.2456655502319336,1.9572192430496216,False,3,
fedavg,post_agg_val,18,18,05,,-2.891895217376773,2.299672762552897,2.0681726932525635,False,3,
fedavg,post_agg_val,18,18,06,,-2.6622905857237424,4.073787689208984,3.915955146153768,False,3,
fedavg,post_agg_val,18,18,07,,-2.8974885484005544,2.2375826835632324,1.9901877641677856,False,3,
fedavg,post_agg_val,18,18,08,,-2.4128246630562677,5.3771030108133955,5.20328934987386,False,3,
fedavg,post_agg_val,18,18,09,,-1.9413041332493657,7.22216272354126,7.062929153442383,False,3,
fedavg,post_agg_val,18,18,10,,-2.968841555130542,1.218104898929596,1.090864857037862,False,3,
fedavg,post_agg_val,18,18,11,,-2.3895067996167123,5.482622941335042,5.406520843505859,False,3,
fedavg,post_agg_val,18,18,12,,-2.822346540919521,2.9508811632792153,2.752686023712158,False,3,
fedavg,post_agg_val,18,18,13,,-2.9305034414068,1.8415165742238362,1.6275551319122314,False,3,
fedavg,post_agg_val,18,18,14,,-2.7888569177779474,3.2215829690297446,2.5153459707895913,False,3,
fedavg,post_agg_val,18,18,15,,-2.9881828213264927,0.7467214266459147,0.5713769892851511,False,3,
fedavg,post_agg_val,18,18,16,,-2.849374799405114,2.7182074387868247,2.270443598429362,False,3,
fedavg,post_agg_val,18,18,17,,-2.884098214227796,2.37815793355306,2.3137592474619546,False,3,
fedavg,post_agg_val,18,18,18,,-2.764055802119718,3.4031196435292563,3.135821580886841,False,3,
fedavg,post_agg_val,18,18,19,,-2.6076159730421757,4.393070538838704,4.054052273432414,False,3,
fedavg,post_agg_val,18,18,20,,-2.0724283425153884,6.7603098551432295,6.002617518107097,False,3,
fedavg,post_agg_val,19,19,,-2.978298040496971,-2.6957108175773006,3.4997550228093304,3.218323298005731,False,3,
fedavg,post_agg_val,19,19,01,,-2.7864149401459515,3.236358960469564,3.0485634803771973,False,3,
fedavg,post_agg_val,19,19,02,,-2.78404623119771,3.2559524377187095,2.861706574757894,False,3,
fedavg,post_agg_val,19,19,03,,-2.7883546204037137,3.222482999165853,3.0378724733988443,False,3,
fedavg,post_agg_val,19,19,04,,-2.890824700603966,2.309709310531616,2.0061993996302285,False,3,
fedavg,post_agg_val,19,19,05,,-2.8854864820775625,2.367258071899414,2.120795647303263,False,3,
fedavg,post_agg_val,19,19,06,,-2.6561538458920784,4.110694011052449,3.9491610527038574,False,3,
fedavg,post_agg_val,19,19,07,,-2.893673968822398,2.2790969212849936,2.017622192700704,False,3,
fedavg,post_agg_val,19,19,08,,-2.39940101146698,5.438079198201497,5.255320866902669,False,3,
fedavg,post_agg_val,19,19,09,,-1.9300562786019366,7.260359446207683,7.09286642074585,False,3,
fedavg,post_agg_val,19,19,10,,-2.9653205296502043,1.2858909765879314,1.1599938869476318,False,3,
fedavg,post_agg_val,19,19,11,,-2.374060940235219,5.551466941833496,5.470069567362468,False,3,
fedavg,post_agg_val,19,19,12,,-2.816068260293258,3.002705732981364,2.7883706092834473,False,3,
fedavg,post_agg_val,19,19,13,,-2.9262613756162628,1.8974117040634155,1.6754921674728394,False,3,
fedavg,post_agg_val,19,19,14,,-2.781135618159201,3.2801902294158936,2.5530733267466226,False,3,
fedavg,post_agg_val,19,19,15,,-2.9888563261506307,0.7259895006815592,0.5559404989083608,False,3,
fedavg,post_agg_val,19,19,16,,-2.8410147004208324,2.793004274368286,2.3250410556793213,False,3,
fedavg,post_agg_val,19,19,17,,-2.8755554703698643,2.464772383371989,2.3995259602864585,False,3,
fedavg,post_agg_val,19,19,18,,-2.7620243343574873,3.4176323413848877,3.1348305543263755,False,3,
fedavg,post_agg_val,19,19,19,,-2.597978511742786,4.4468386967976885,4.097258965174357,False,3,
fedavg,post_agg_val,19,19,20,,-2.0567816274356,6.8172586758931475,6.042702674865723,False,3,
fedavg,post_agg_val,20,20,,-2.9795950634512707,-2.712370235106239,3.389236781811245,3.111049061693696,False,3,
fedavg,post_agg_val,20,20,01,,-2.803724445874178,3.106684366861979,2.9146671295166016,False,3,
fedavg,post_agg_val,20,20,02,,-2.7977179599409343,3.1549607117970786,2.770217021306356,False,3,
fedavg,post_agg_val,20,20,03,,-2.8048460642496744,3.0982229709625244,2.9168166319529214,False,3,
fedavg,post_agg_val,20,20,04,,-2.9021620229512703,2.1913174788157144,1.9040858348210652,False,3,
fedavg,post_agg_val,20,20,05,,-2.8972640725858043,2.246688445409139,1.9999392827351887,False,3,
fedavg,post_agg_val,20,20,06,,-2.6802481355120955,3.967599709828695,3.804757595062256,False,3,
fedavg,post_agg_val,20,20,07,,-2.903868790890308,2.172194798787435,1.91249680519104,False,3,
fedavg,post_agg_val,20,20,08,,-2.4340110349655153,5.281617323557536,5.098453362782796,False,3,
fedavg,post_agg_val,20,20,09,,-1.9618382422820382,7.154048760732015,6.990620295206706,False,3,
fedavg,post_agg_val,20,20,10,,-2.9710239213914726,1.1846656600634258,1.0535359978675842,False,3,
fedavg,post_agg_val,20,20,11,,-2.40270236299393,5.425676663716634,5.344090620676677,False,3,
fedavg,post_agg_val,20,20,12,,-2.8307658162033347,2.8846685886383057,2.678692102432251,False,3,
fedavg,post_agg_val,20,20,13,,-2.934116958497881,1.797955592473348,1.5855238835016887,False,3,
fedavg,post_agg_val,20,20,14,,-2.7954319451762513,3.1739725271860757,2.4487969080607095,False,3,
fedavg,post_agg_val,20,20,15,,-2.989846489047477,0.7019304831822714,0.5348280767599741,False,3,
fedavg,post_agg_val,20,20,16,,-2.853869122973943,2.681394656499227,2.2080178260803223,False,3,
fedavg,post_agg_val,20,20,17,,-2.8853515254126654,2.371783892313639,2.3063908418019614,False,3,
fedavg,post_agg_val,20,20,18,,-2.7736630875045334,3.337295134862264,3.072404702504476,False,3,
fedavg,post_agg_val,20,20,19,,-2.6198335200284433,4.327194690704346,3.990988810857137,False,3,
fedavg,post_agg_val,20,20,20,,-2.0859786514687326,6.712714831034343,5.9292426109313965,False,3,
