run_dir,method,client_id,n_samples,avg_mae,avg_rmse,mae_h1,rmse_h1,mae_h2,rmse_h2,mae_h3,rmse_h3
final_centralized_seed42,centralized,1,518,1.1001646518707275,1.5490957498550415,1.067455768585205,1.515493631362915,1.1565451622009275,1.5961387157440186,1.0764930248260498,1.535654902458191
final_centralized_seed42,centralized,2,520,1.4354067246119182,1.8709779977798464,1.403475999832153,1.8371540307998655,1.5235644578933716,1.9342931509017944,1.3791797161102295,1.8414868116378784
final_centralized_seed42,centralized,3,494,1.2694768110911052,1.7699944972991943,1.2254371643066406,1.7189801931381226,1.3624188899993896,1.8234070539474487,1.2205743789672852,1.7675962448120115
final_centralized_seed42,centralized,4,520,0.6964911421140035,1.0719457864761353,0.6692424416542053,1.043566107749939,0.7508783936500549,1.1027545928955078,0.6693525910377502,1.069516658782959
final_centralized_seed42,centralized,5,523,0.9105955561002096,1.128679275512695,0.8784492611885071,1.0959434509277344,0.9763702154159546,1.1786829233169556,0.876967191696167,1.111411452293396
final_centralized_seed42,centralized,6,496,1.6129449605941772,2.49993101755778,1.5856038331985474,2.4581503868103027,1.6182738542556765,2.5086941719055176,1.634957194328308,2.5329484939575195
final_centralized_seed42,centralized,7,515,1.1660385926564534,1.5625372727711997,1.1236408948898315,1.5227572917938232,1.2575193643569946,1.6309809684753418,1.1169555187225342,1.5338735580444336
final_centralized_seed42,centralized,8,496,2.7796385288238525,3.3958911895751958,2.7094626426696777,3.348515510559082,2.842519760131836,3.45295524597168,2.786933183670044,3.386202812194824
final_centralized_seed42,centralized,9,504,5.025133768717448,5.610284169514974,4.907901287078857,5.492626667022705,5.14894962310791,5.706930160522461,5.018550395965576,5.631295680999756
final_centralized_seed42,centralized,10,443,0.5625844995180765,0.764567494392395,0.5852032899856567,0.7830859422683716,0.5169170498847961,0.7204352617263794,0.5856331586837769,0.7901812791824341
final_centralized_seed42,centralized,11,513,3.360218365987142,3.956165552139282,3.293198108673096,3.905282974243164,3.459379911422729,4.024850368499756,3.3280770778656006,3.938363313674927
final_centralized_seed42,centralized,12,500,1.2549455165863037,1.89369793732961,1.1940158605575562,1.842130780220032,1.3237366676330566,1.945568919181824,1.2470840215682983,1.893394112586975
final_centralized_seed42,centralized,13,490,0.7840458750724792,1.0845833619435628,0.7622777819633484,1.0551940202713013,0.8114759922027588,1.102361798286438,0.7783838510513306,1.0961942672729492
final_centralized_seed42,centralized,14,497,0.7126519083976746,1.0257324973742168,0.690345823764801,0.997874081134796,0.7496180534362793,1.0679265260696411,0.6979918479919434,1.011396884918213
final_centralized_seed42,centralized,15,408,0.9520689646402994,1.3353493213653564,0.9170094728469848,1.302022099494934,1.0218920707702637,1.3907710313796997,0.91730535030365,1.3132548332214355
final_centralized_seed42,centralized,16,518,0.7970936298370361,1.0989340941111247,0.774335503578186,1.067176103591919,0.8344151973724365,1.1214103698730469,0.7825301885604858,1.1082158088684082
final_centralized_seed42,centralized,17,460,1.86467444896698,2.6096079349517822,1.8010146617889404,2.559981107711792,1.953162789344788,2.667098999023437,1.839845895767212,2.601743698120117
final_centralized_seed42,centralized,18,525,3.196061372756958,3.9610188007354736,3.106816291809082,3.873674154281616,3.283092975616455,3.999971389770508,3.198274850845337,4.009410858154297
final_centralized_seed42,centralized,19,496,1.9502298831939695,2.6354591051737466,1.8919024467468264,2.580634355545044,2.043634414672852,2.7001023292541504,1.9151527881622317,2.625640630722046
final_centralized_seed42,centralized,20,497,6.5368649164835615,6.984662373860677,6.457302093505859,6.921912670135498,6.629740238189697,7.055140495300293,6.523552417755127,6.97693395614624
final_fedavg_seed42,fedavg,1,518,3.0594440698623657,3.170721451441447,1.841842770576477,1.990574598312378,5.232873439788818,5.288425445556641,2.1036159992218018,2.2331643104553223
final_fedavg_seed42,fedavg,2,520,2.627490282058716,2.821332613627116,1.5129612684249878,1.754562258720398,4.662737846374512,4.765259742736816,1.706771731376648,1.9441758394241333
final_fedavg_seed42,fedavg,3,494,2.790989677111308,2.9597278436024985,1.6349680423736572,1.8414981365203855,4.928236484527588,5.012376308441162,1.8097645044326784,2.0253090858459477
final_fedavg_seed42,fedavg,4,520,1.5978643496831255,1.8503036101659136,0.9602646231651306,1.2450973987579346,2.9158945083618164,3.130225658416748,0.9174339175224304,1.175587773323059
final_fedavg_seed42,fedavg,5,523,2.059038738409678,2.22572914759318,0.9730674624443054,1.1685855388641355,4.054020881652832,4.1319966316223145,1.150027871131897,1.3766052722930908
final_fedavg_seed42,fedavg,6,496,2.542064070701599,2.7399571736653647,1.4161932468414309,1.666373372077942,4.585315227508545,4.692594528198242,1.6246837377548218,1.8609036207199097
final_fedavg_seed42,fedavg,7,515,1.9671077529589336,2.108111103375753,0.996392548084259,1.1455769538879397,3.8032615184783936,3.913191318511963,1.101669192314148,1.265565037727356
final_fedavg_seed42,fedavg,8,496,4.95907465616862,5.092626889546712,3.621157169342041,3.78711462020874,7.247037887573242,7.336670875549316,4.009028911590576,4.15409517288208
final_fedavg_seed42,fedavg,9,504,7.303849538167317,7.48339827855428,6.106623649597168,6.32478141784668,9.327091217041016,9.456117630004885,6.4778337478637695,6.669295787811279
final_fedavg_seed42,fedavg,10,443,1.7108995914459229,1.895534634590149,2.068563938140869,2.2327919006347656,1.3001505136489868,1.501268982887268,1.7639843225479126,1.952543020248413
final_fedavg_seed42,fedavg,11,513,4.998273928960164,5.057250181833903,3.5935847759246826,3.6664648056030273,7.395278453826904,7.429584980010986,4.005958557128906,4.075700759887695
final_fedavg_seed42,fedavg,12,500,3.464169343312581,3.6082687377929688,2.246616840362549,2.4363467693328857,5.632930278778076,5.713230609893799,2.512960910797119,2.6752288341522217
final_fedavg_seed42,fedavg,13,490,1.566661715507507,1.7553333441416423,1.278989315032959,1.4503521919250488,2.2632110118865967,2.477880954742432,1.1577848196029663,1.3377668857574463
final_fedavg_seed42,fedavg,14,497,2.3826286792755127,2.5502190589904785,1.287092208862305,1.4651368856430054,4.364623546600342,4.4992499351501465,1.4961702823638916,1.6862703561782837
final_fedavg_seed42,fedavg,15,408,1.8944555322329204,2.032383918762207,0.7851368188858032,0.9626400470733644,3.905989170074463,3.965642213821411,0.9922406077384948,1.1688694953918457
final_fedavg_seed42,fedavg,16,518,1.8710106412569685,2.071026007334391,0.817562997341156,1.038969874382019,3.8518574237823486,3.9722745418548575,0.9436115026474,1.2018336057662964
final_fedavg_seed42,fedavg,17,460,2.743551810582479,2.8610118627548218,1.5697706937789917,1.728931546211243,4.873873233795166,4.928586006164551,1.7870115041732788,1.925518035888672
final_fedavg_seed42,fedavg,18,525,4.003574848175049,4.166669766108195,2.843279361724853,3.0462095737457275,6.091521263122559,6.185958862304688,3.0759239196777344,3.26784086227417
final_fedavg_seed42,fedavg,19,496,4.173734188079834,4.250805934270223,2.9445159435272217,3.0435595512390137,6.35666561126709,6.402338981628418,3.2200210094451904,3.3065192699432373
final_fedavg_seed42,fedavg,20,497,7.078036308288574,7.103617191314697,5.735401630401611,5.764306545257568,9.378911018371582,9.396496772766112,6.119796276092529,6.15004825592041
final_local_seed42,local,1,518,1.9130508701006568,1.9963368773460388,2.8917665481567383,2.9360170364379883,2.3370981216430664,2.386141300201416,0.5102879405021667,0.6668522953987122
final_local_seed42,local,2,520,2.9452474117279053,3.070055882136027,2.209695816040039,2.3681623935699463,3.1594340801239014,3.2830381393432617,3.4666123390197754,3.558967113494873
final_local_seed42,local,3,494,1.4475162426630657,1.6330072283744812,1.754347562789917,1.944069504737854,0.7194887399673462,0.9096466898918152,1.8687124252319336,2.0453054904937744
final_local_seed42,local,4,520,0.9491072495778402,1.0927608609199524,0.588646650314331,0.7324435114860535,1.6404026746749878,1.7792937755584717,0.6182724237442017,0.766545295715332
final_local_seed42,local,5,523,1.466527799765269,1.5846539338429768,1.9585376977920528,2.0634450912475586,0.8181913495063782,0.9682459831237792,1.6228543519973757,1.7222707271575928
final_local_seed42,local,6,496,1.28145964940389,1.452236255009969,1.4274439811706543,1.6125891208648682,1.437004804611206,1.5914435386657717,0.9799301624298096,1.1526761054992676
final_local_seed42,local,7,515,1.7033023436864216,1.878569563229879,1.520030856132507,1.715710997581482,1.552314519882202,1.7376465797424316,2.037561655044556,2.1823511123657227
final_local_seed42,local,8,496,2.01592230796814,2.2007627884546914,1.3627536296844482,1.6048812866210938,1.116776943206787,1.3216663599014282,3.568236351013184,3.6757407188415527
final_local_seed42,local,9,504,2.1738571325937905,2.630024035771688,2.295271635055542,2.744840621948242,2.1028249263763428,2.541792392730713,2.1234748363494877,2.6034390926361084
final_local_seed42,local,10,443,0.8059894243876139,0.973943014939626,0.893187403678894,1.1149731874465942,0.7738280296325684,0.9276670217514038,0.7509528398513794,0.8791888356208801
final_local_seed42,local,11,513,2.447349508603414,2.544671138127645,2.8713321685791016,2.957730770111084,1.9235252141952517,2.041372060775757,2.5471911430358887,2.6349105834960938
final_local_seed42,local,12,500,3.2971012592315674,3.468562364578247,2.846775531768799,3.036966562271118,3.226935386657715,3.402815341949463,3.817592859268189,3.96590518951416
final_local_seed42,local,13,490,1.6797134081522624,1.9962196747461955,1.1397640705108645,1.5219238996505735,2.766634702682495,2.956608533859253,1.1327414512634275,1.5101265907287598
final_local_seed42,local,14,497,0.8839734594027201,1.009155849615733,1.0999188423156738,1.2245010137557983,0.5351702570915222,0.6618526577949524,1.0168312788009644,1.1411138772964478
final_local_seed42,local,15,408,1.686471263567607,1.8680555820465088,1.515573501586914,1.7191883325576782,1.4748607873916626,1.6664665937423706,2.068979501724243,2.218511819839477
final_local_seed42,local,16,518,0.9391581217447916,1.1424980560938518,0.6604723930358887,0.810222864151001,1.309035062789917,1.5463546514511108,0.8479669094085693,1.0709166526794434
final_local_seed42,local,17,460,1.807609607776006,1.944670140743256,2.5118308067321777,2.653092384338379,2.4200613498687744,2.5075924396514893,0.490936666727066,0.6733255982398987
final_local_seed42,local,18,525,3.541532039642334,3.774631977081299,3.873525381088257,4.090184688568115,3.916162490844727,4.138236999511719,2.8349082469940186,3.0954742431640625
final_local_seed42,local,19,496,3.082849264144897,3.1203150749206543,3.4323198795318604,3.461181402206421,2.6311357021331787,2.6753454208374023,3.1850922107696533,3.22441840171814
final_local_seed42,local,20,497,4.339939514795939,4.4091432094573975,3.160640001296997,3.2429897785186768,5.297634601593018,5.35215950012207,4.561543941497803,4.632280349731445
final_proposed_seed42,proposed,1,518,1.4794371525446577,1.5568962891896565,1.9044615030288696,1.960777759552002,1.1383119821548462,1.2408820390701294,1.3955379724502563,1.4690290689468384
final_proposed_seed42,proposed,2,520,3.1149535179138184,3.2154130935668945,3.116539001464844,3.213622093200684,3.0543508529663086,3.1537117958068848,3.1739706993103027,3.2789053916931152
final_proposed_seed42,proposed,3,494,1.019427518049876,1.1778979500134783,1.5853441953659058,1.7626534700393677,0.9050722122192384,1.0532677173614502,0.5678661465644836,0.7177726626396179
final_proposed_seed42,proposed,4,520,0.6454871694246928,0.7924524148305258,0.7778005599975586,0.9282995462417604,0.554964542388916,0.6946663856506348,0.6036964058876038,0.7543913125991821
final_proposed_seed42,proposed,5,523,1.5167696674664817,1.6252716183662417,1.8975874185562132,1.9807499647140503,0.7824676632881165,0.9400528073310852,1.8702539205551147,1.9550120830535889
final_proposed_seed42,proposed,6,496,2.2456603050231934,2.3503143787384038,1.013798713684082,1.1568351984024048,4.4416375160217285,4.4898362159729,1.2815446853637695,1.4042717218399048
final_proposed_seed42,proposed,7,515,1.9355016152064008,2.156540950139364,2.093020439147949,2.275684118270874,1.9588158130645752,2.2012414932250977,1.7546685934066772,1.9926972389221191
final_proposed_seed42,proposed,8,496,1.3075245420138042,1.5089735786120098,0.8059785962104797,0.9860022664070128,1.7632144689559937,1.973408341407776,1.353380560874939,1.5675101280212402
final_proposed_seed42,proposed,9,504,2.7098535696665444,3.206974665323893,2.833615303039551,3.331061363220215,2.3967173099517822,2.929186582565308,2.899228096008301,3.360676050186157
final_proposed_seed42,proposed,10,443,0.8944137295087179,1.0568734804789226,0.6708889603614807,0.7923150062561035,0.8415822982788086,0.9953850507736206,1.1707699298858645,1.3829203844070437
final_proposed_seed42,proposed,11,513,4.321533123652141,4.377925475438436,4.784759521484375,4.828405857086182,4.448991775512695,4.517974853515625,3.730848073959351,3.787395715713501
final_proposed_seed42,proposed,12,500,2.9579681555430093,3.10695211092631,2.1332671642303467,2.321409225463867,2.545149326324463,2.6893460750579834,4.195487976074219,4.31010103225708
final_proposed_seed42,proposed,13,490,2.5450080235799155,2.8914171059926352,2.5684609413146973,2.921538114547729,2.366762161254883,2.7074553966522217,2.699800968170166,3.045257806777954
final_proposed_seed42,proposed,14,497,1.9216925700505572,2.037719368934632,1.2893844842910769,1.4268399477005005,2.261387348175049,2.360908508300781,2.214305877685547,2.3254096508026123
final_proposed_seed42,proposed,15,408,2.147407412528992,2.333620309829712,1.6029878854751587,1.8649277687072756,2.7769105434417725,2.900274515151977,2.062323808670044,2.235658645629883
final_proposed_seed42,proposed,16,518,0.7893965045611063,0.9842448631922404,0.6384326815605164,0.8050001859664917,0.8051074147224426,1.0083624124526978,0.92464941740036,1.1393719911575315
final_proposed_seed42,proposed,17,460,2.3321433067321777,2.440598448117574,1.7586009502410889,1.9119704961776731,2.7836754322052,2.85483193397522,2.454153537750244,2.554992914199829
final_proposed_seed42,proposed,18,525,2.8298699855804443,3.137756824493408,2.121037721633911,2.4751176834106445,4.124997615814209,4.333627223968506,2.243574619293213,2.604525566101074
final_proposed_seed42,proposed,19,496,2.052654226620992,2.16026775042216,1.9354925155639648,2.0438425540924072,2.464782238006592,2.5556893348693848,1.7576879262924194,1.8812713623046875
final_proposed_seed42,proposed,20,497,4.285585721333821,4.36944842338562,2.771369457244873,2.904276132583618,6.062530040740967,6.108360767364502,4.022857666015625,4.09570837020874
